"Pass []","re(Mode(1)) [g]"
1,2.58838580585824
2,3.94122068165984
3,4.05148892852273
4,3.98566509868934
5,3.81780671859781
6,3.72006995500321
7,3.7914042617494
8,3.8529885535387
9,3.88029567651854
10,3.92985331993859
11,3.96508397555678
12,3.99368960471852
13,4.00918376919433
14,4.00938912324799
15,
